Unnamed: 0,Delta EM,EM,EM_std,EMv,Einheit,Elektrode,Ligand,PDB,Variant,pH,chem_pot,dipole,e,edisp,homo,lumo,polar-aniso,polar-iso,qpole1,qpole2,qpole3,qpole4,Hemetyp,diff,Liganden,CYS,HIS,CYN,LYS,MET,PRO,TYR,IMD,HOH
1hrc,,260,0.0,260.0,eV,SHE,His-Met,1HRC,,7.0,-0.12299000000000003,7.1883,-3881.8396376,-95.57783609879316,-0.17952,-0.06645,,,28.16815953148001,21.54481658558573,-49.71297611706574,61.06557399642931,Heme C,0.11307000000000002,HIS-MET,0,1,0,0,1,0,0,0,0
1aw3,,-102,0.0,-102.0,eV,SHE,Bis-His,1AW3,wt,7.0,-0.1217,5.0509,-3627.6798819,-89.6193452785197,-0.17365999999999998,-0.06974,,,46.36406347553661,-14.339992434806447,-32.02407104073016,58.1446720776343,Heme B,0.10391999999999998,None,0,0,0,0,0,0,0,0,0
2ce0,,89,0.0,86.0,mV,SHE,,2CE0,I17A/G18A oxidized ,7.0,-0.1643,10.7632,-4676.075882,-101.15313606595079,-0.17177,-0.15683,,,46.51872301221284,14.637080457079,-61.15580346929184,78.21935831938309,Heme C,0.014940000000000009,HIS-MET,0,1,0,0,1,0,0,0,0
1f1f,,314,0.0,314.0,mV,SHE,,1F1F,wt,7.0,-0.12541,9.1415,-3881.4386833,-95.64500126154616,-0.1791,-0.07173,,,24.824175107964678,-2.292979749917574,-22.531195358047107,33.60285985813566,Heme C,0.10737000000000001,HIS-MET,0,1,0,0,1,0,0,0,0
1es1,,12,0.0,12.0,eV,SHE,Bis-His,1ES1,V61H,7.0,-0.1196,2.156,-3627.4958318,-90.67610373106041,-0.17332999999999998,-0.06587,,,36.47415559207703,12.834595589949885,-49.30875118202691,62.66134225536224,Heme B,0.10745999999999999,HIS-HIS,0,1,0,0,0,0,0,0,0
1cce,,-127,0.0,-127.0,eV,SHE,,1CCE,H175G,7.0,-0.14138,1.8553,-3137.1105151,-67.86708266313445,-0.16779000000000002,-0.11496,103505.0,698489.0,30.85767943467661,-1.3590125651958864,-29.49866686948073,42.710825824303924,Heme B,0.052830000000000016,HOH-HOH,0,0,0,0,0,0,0,0,1
1cyo,,-10,0.0,-10.0,eV,SHE,Bis-His,1CYO,wt,7.0,-0.12033,5.3689,-3627.476369,-91.56994277762108,-0.17365999999999998,-0.067,,,22.0876448098565,8.549451954627035,-30.637096764483534,38.72452556361646,Heme B,0.10665999999999998,HIS-HIS,0,1,0,0,0,0,0,0,0
1ccg,,-127,0.0,-127.0,eV,SHE,,1CCG,H175G,7.0,-0.13254000000000002,6.2218,-3399.1522683,-76.55511336074531,-0.18419,-0.0809,,,30.35583878859641,3.6920738301221414,-34.047912618718556,45.76427330809723,Heme B,0.10328999999999999,HOH-IMD,0,0,0,0,0,0,0,1,1
1ccc,94.6,-78,0.0,-78.0,eV,SHE,,1CCC,D235A,7.0,-0.13623,14.195,-3438.1047843,-79.59394456004283,-0.1831,-0.08935,,,23.41522291693593,10.597148226329324,-34.012371143265256,42.63113420316647,Heme B,0.09375000000000001,HIS-HOH,0,1,0,0,0,0,0,0,1
1b5a,,-102,0.0,-102.0,eV,SHE,Bis-His,1B5A,wt,7.0,-0.1132,3.6394,-3627.0937171,-91.3039971107892,-0.16430999999999998,-0.06209,,,35.97709826396254,-12.890485238833758,-23.08661302512878,44.64871678065847,Heme B,0.10221999999999998,None,0,0,0,0,0,0,0,0,0
1cyi,,370,0.0,370.0,mV,SHE,,1CYI,wt ,7.0,-0.12861,10.5666,-3881.2051592,-95.13563023811649,-0.18231,-0.07491,,,23.601480508448788,7.735836326473019,-31.337316834921808,39.98625356069393,Heme C,0.1074,HIS-MET,0,1,0,0,1,0,0,0,0
2ycc,,290,0.0,290.0,eV,SHE,His-Met,2YCC,,7.0,-0.11979,2.4249,-3881.8256239,-93.88835991059385,-0.17348,-0.0661,,,27.593363963008066,-5.240791859973848,-22.352572103034216,35.89564198807348,Heme C,0.10737999999999999,HIS-MET,0,1,0,0,1,0,0,0,0
451c,,270,0.0,270.0,eV,SCE,His-Met,451C,,7.0,-0.12755999999999998,7.9466,-3881.654174,-96.75025151225071,-0.17873,-0.07637999999999999,,,18.561240644085444,-2.5783509244680647,-15.982889719617381,24.62966324428341,Heme B,0.10235000000000001,HIS-MET,0,1,0,0,1,0,0,0,0
1ycc,,290,0.0,290.0,eV,SHE,His-Met,1YCC,,7.0,-0.12072,2.3458,-3881.833138800001,-94.85307226158315,-0.17335,-0.0681,,,28.666420258307852,-1.5066071626766124,-27.159813095631236,39.51821052322807,Heme C,0.10525000000000001,HIS-MET,0,1,0,0,1,0,0,0,0
1ls9,,355,0.0,355.0,mV,SHE,,1LS9,wt,7.0,-0.12338,3.6746,-3881.8895697,-96.80416329808388,-0.18004,-0.06671,,,25.355261228623906,-10.533201324791312,-14.82205990383259,31.201459291404074,Heme B,0.11333,HIS-MET,0,1,0,0,1,0,0,0,0
1cry,,296,0.0,296.0,eV,SHE,His-Met,1CRY,,7.0,-0.12489,8.8658,-3881.4277865,-95.34153090470512,-0.17869000000000002,-0.0711,,,32.559882540264304,-11.596360543172786,-20.96352199709151,40.42388874275122,Heme C,0.10759000000000002,HIS-MET,0,1,0,0,1,0,0,0,0
1co6,,296,0.0,296.0,eV,SHE,His-Met,1CO6,,7.0,-0.12673,6.2386,-3881.4559712,-95.60886518651199,-0.18269,-0.07077,,,31.80870612215519,-11.63292599935004,-20.17578012280515,39.423100508574684,Heme C,0.11191999999999999,HIS-MET,0,1,0,0,1,0,0,0,0
1c75,,47,0.0,47.0,eV,SHE,His-Met,1C75,,7.0,-0.11461,6.5556,-3881.4704347,-98.07267664026782,-0.17273,-0.0565,,,21.428822470279066,4.532156984054059,-25.96097945433312,33.96626757111711,Heme C,0.11623,HIS-MET,0,1,0,0,1,0,0,0,0
1ctj,,358,0.0,358.0,mV,SHE,,1CTJ,wt,7.0,-0.12196,5.5992,-3881.8978039,-95.26638651978749,-0.17997,-0.06395,,,23.70908813350542,4.996309294210189,-28.70539742771561,37.564395485204344,Heme B,0.11601999999999998,HIS-MET,0,1,0,0,1,0,0,0,0
2v07,12.0,83,0.0,83.0,mV,SHE,,2V07,AA,7.0,-0.12515,4.3007,-3880.657008,-95.3421129819268,-0.17984,-0.07046000000000001,,,9.81350517159205,6.29748588092408,-16.11099105251613,19.88786677518624,Heme C,0.10937999999999999,HIS-MET,0,1,0,0,1,0,0,0,0
1giw,,260,0.0,260.0,eV,SHE,His-Met,1GIW,,7.0,-0.12241,0.9832,-3881.9087074,-94.37049727450916,-0.17784,-0.06699,,,21.789277803861733,1.7649366608413146,-23.55421446470304,32.13547335391014,Heme C,0.11085,None,0,0,0,0,0,0,0,0,0
1eue,,-63,0.0,-63.0,eV,SHE,Bis-His,1EUE,V451/V611,7.0,-0.124655,4.3723,-3627.3652311,-89.34084327199274,-0.16563,-0.08367999999999999,,,34.553261224473786,11.128634977547602,-45.68189620202139,58.34990623946866,Heme B,0.08195000000000001,HIS-HIS,0,1,0,0,0,0,0,0,0
2hpd,,-427,0.0,-427.0,eV,SHE,,2HPD,wt ,,-0.131045,8.3497,-3612.4126052,-76.60072953400366,-0.16872,-0.09337000000000001,,,30.743905187978253,14.876849119537553,-45.62075430751581,57.04182847699879,Heme B,0.07535,CYS-HOH,1,0,0,0,0,0,0,0,1
1cmt,8.099999999999998,-164.5,0.0,-164.5,eV,SHE,,1CMT,W191G,7.0,-0.14533,5.7389,-3438.540003,-78.78968004259846,-0.19009,-0.10056,102977.0,694924.0,35.56959306606265,-8.457295518382196,-27.112297547680456,45.517013028021076,Heme B,0.08953000000000001,HIS-HOH,0,1,0,0,0,0,0,0,1
6u97,,179.3 +- 2.0,2.0,159.43333333333334,eV,NHE,,6U97,,7.0,-0.12199000000000003,8.1112,-3879.0465458,-94.10300441911212,-0.18136,-0.06262000000000001,93.3216,629766.0,24.14635811521225,8.250341894829331,-32.396700010041585,41.23907036779988,Heme B,0.11873999999999998,HIS-MET,0,1,0,0,1,0,0,0,0
4mu8,,269,0.0,269.0,eV,SHE,Met-His,4MU8,wt,7.0,-0.12292,4.9654,-3439.662878900001,-81.38141407053735,-0.13573,-0.11011,112935.0,762121.0,34.65273547747128,7.152501041027534,-41.80523651849881,54.76904369788762,Heme C,0.02561999999999999,HIS-HOH,0,1,0,0,0,0,0,0,1
1h9x,,60+-5,5.0,60.0,eV,SHE,His-Met,1H9X,,7.0,-0.11808,8736.0,-3880.4919383,-95.29550038667423,-128.0,-0.10817,116777.0,788048.0,23.614717422306352,19.029626120397307,-42.64434354270366,52.32897462597196,Heme C,127.89183,HIS-MET,0,1,0,0,1,0,0,0,0
1moh,,103,0.0,103.0,eV,NHE,mono-His,1MOH,,,-0.11569000000000003,4.6143,-3761.3385059,-83.67638757550466,-0.1684,-0.06298,97.4349,657523.0,8.744418315644136,-1.2113626522323413,-7.533055663411795,11.605135879525776,Heme B,0.10542,HIS-H2S,0,1,0,0,0,0,0,0,0
1a6m,,50,0.0,50.0,eV,NHE,mono-His,1A6M,,,-0.13923,5.1865,-3512.4498768,-80.4980631542816,-0.16727,-0.11119,101184.0,682826.0,28.486568391356702,-10.96748957952569,-17.519078811831015,35.195007188535875,Heme B,0.056080000000000005,HIS-OXY,0,1,0,0,0,0,0,0,0
2oyy,,-540,0.0,-540.0,eV,NHE,Tyr,2OYY,,8.0,-0.14121,9.5361,-3443.3165784000007,-81.10842762215906,-0.17613,-0.10629,101433.0,684506.0,23.663119479490096,3.4422580484794127,-27.105377527969512,36.145454138891374,Heme B,0.06984000000000001,TYR,0,0,0,0,0,0,1,0,0
1a6g,,50,0.0,50.0,eV,NHE,mono-His,1A6G,,,-0.13272,3.8308,-3475.471725900001,-81.29126800533382,-0.16762,-0.09782,101775.0,686.81,28.3143777153185,-9.751172562397123,-18.56320515292137,35.23325042267011,Heme B,0.06979999999999999,HIS-CMO,0,1,0,0,0,0,0,0,0
2gsm,,300,0.0,300.0,eV,NHE,Bis-His,2GSM,,,-0.12807000000000002,4.2871,-3364.6911325,-78.36707858151132,-0.18618,-0.06996000000000001,91.8677,619954.0,36.71517086648899,-14.231611064826774,-22.483559801662217,45.343720476058216,Heme A,0.11622,HIS-HOH,0,1,0,0,0,0,0,0,1
1dj1,22.5,-150.19999999999999,0.0,-150.2,eV,SHE,,1DJ1,R48A,7.0,-0.13689,4.3771,-3438.6038188,-78.6325274498695,-0.18873,-0.08504,98.0316,661.55,53.38710719211604,-0.1226309594869903,-53.26447623262905,75.4142074216193,Heme B,0.10369,HIS-HOH,0,1,0,0,0,0,0,0,1
1cmq,8.099999999999998,-164.5,0.0,-164.5,eV,SHE,,1CMQ,W191G,7.0,-0.13472,4.8431,-3438.5999029,-78.78934451320916,-0.18325,-0.08619,101466.0,684725.0,24.929897836795288,13.325321353682888,-38.25521919047817,47.56601508055407,Heme B,0.09706,HIS-HOH,0,1,0,0,0,0,0,0,1
1v9z,,63.9 +- 5,5.0,63.9,mV,SHE,,1V9Z,wt,,-0.12421,7.1556,-3879.3815757,-91.31763364396414,-0.17762999999999998,-0.07078,105096.0,709221.0,28.08193496513168,-0.7240819190842664,-27.35785304604741,39.21187944106423,Heme B,0.10684999999999999,HIS-MET,0,1,0,0,1,0,0,0,0
1jdl,,293,0.0,293.0,eV,NHE,His-Met,1JDL,,,-0.13308,10.9959,-3879.4054453,-93.34748006882047,-0.18688,-0.07927999999999999,105.49,711.88,39.12551570249797,11.137549200131481,-50.26306490262945,64.6624054190509,Heme B,0.1076,HIS-MET,0,1,0,0,1,0,0,0,0
1a6k,,50,0.0,50.0,eV,NHE,mono-His,1A6K,,,-0.13022999999999998,4.3748,-3438.491317,-80.0827408031137,-0.17131,-0.08915,99708.0,672863.0,28.28453418473844,-7.050285617324168,-21.234248567414266,36.06403629041292,Heme B,0.08216,HIS-HOH,0,1,0,0,0,0,0,0,1
1drm,,68,0.0,68.0,eV,NHE,,1DRM,,7.0,-0.13134,10.1505,-3361.9573584,-76.42127657206801,-0.17828,-0.08441,97.3352,656.85,28.94381093634384,10.006438835290579,-38.95024977163442,49.547905777701,Heme B,0.09387,HIS,0,1,0,0,0,0,0,0,0
1cck,-6.1,-178.69999999999999,0.0,-178.7,eV,SHE,His-His,1CCK,F202Y,7.0,-0.14107999999999998,8.8134,-3438.4632563,-78.52821065167973,-0.18189,-0.10026,101452.0,684632.0,23.965461175734873,3.5985056953787167,-27.563966871113585,36.70238197007349,Heme B,0.08163,HIS-HOH,0,1,0,0,0,0,0,0,1
1cxc,,355,0.0,355.0,eV,NHE,His-Met,1CXC,,,-0.12043,3.2818,-3880.5351545,-94.38860945580905,-0.13304000000000002,-0.10781,116431.0,785719.0,16.489394008166727,1.2240528388612049,-17.713446847027928,24.23147991903429,Heme C,0.025230000000000016,HIS-MET,0,1,0,0,1,0,0,0,0
1jbq,,-291+-5,5.0,-291.0,eV,NHE,Cys-His,1JBQ,,7.2,-0.1418,11.8271,-3800.4874641,-86.09542409503317,-0.18091,-0.1027,106346.0,717657.0,35.11113577133645,2.6036321481046016,-37.71476791944104,51.59432598854685,Heme B,0.07820999999999999,CYS-HIS,1,1,0,0,0,0,0,0,0
1vb6,,63.9 +- 5,5.0,63.9,mV,SHE,,1VB6,wt,,-0.13004000000000002,7203.0,-3879.3949703,-93.10666810086893,-0.18338,-0.07671,104566.0,705646.0,30.48866831279099,18.067506919661653,-48.55617523245265,60.114023779681006,Heme B,0.10666999999999999,HIS-MET,0,1,0,0,1,0,0,0,0
1jp6,,50,0.0,50.0,eV,NHE,mono-His,1JP6,,,-0.1259,3.6011,-3438.4935341,-79.66363136932921,-0.15456,-0.09723,102.24,689.946,17.916237482207986,-3.88198121608732,-14.034256266120662,23.08726254556135,Heme B,0.057330000000000006,HIS-HOH,0,1,0,0,0,0,0,0,1
